<?xml version="1.0" encoding="utf-8"?>
<AudioModification.xml> 
	<AudioModification> 
		<Name>Shiroko</Name> 
		<ExternalEvent> 
			<Name>Play_UI_Lock_Weapon</Name>
			<Container>
				<Name>Voice</Name>
				<ExternalId>VUI_Lock_Weapon</ExternalId> 
				<Path>
					<StateList/>
					<FilesList>
						<File>
							<Name>TISHINA.wem</Name> 
						</File> 
					</FilesList>
				</Path> 
			</Container>
		</ExternalEvent>
		<ExternalEvent> 
			<Name>Play_UI_Tutorial_Task_1</Name> 
			<Container> 
				<Name>Voice</Name>
				<ExternalId>VUI_Tutorial_Task_1</ExternalId>
				<Path> 
					<StateList/> 
					<FilesList> 
						<File> 
							<Name>TISHINA.wem</Name> 
						</File> 
					</FilesList>
				</Path>
			</Container>
		</ExternalEvent> 
		<ExternalEvent>
			<Name>Play_UI_Tutorial_Task_2</Name> 
			<Container>
				<Name>Voice</Name> 
				<ExternalId>VUI_Tutorial_Task_2</ExternalId> 
				<Path>
					<StateList/>
					<FilesList> 
						<File>
							<Name>TISHINA.wem</Name> 
						</File> 
					</FilesList>
				</Path> 
			</Container>
		</ExternalEvent>
		<ExternalEvent> 
			<Name>Play_UI_Tutorial_Task_3</Name>
			<Container>
				<Name>Voice</Name>
				<ExternalId>VUI_Tutorial_Task_3</ExternalId>
				<Path> 
					<StateList/>
					<FilesList> 
						<File> 
							<Name>TISHINA.wem</Name> 
						</File> 
					</FilesList>
				</Path>
			</Container> 
		</ExternalEvent> 
		<ExternalEvent>
			<Name>Play_UI_Tutorial_Task_4</Name>
			<Container>
				<Name>Voice</Name>
				<ExternalId>VUI_Tutorial_Task_4</ExternalId>
				<Path> 
					<StateList/> 
					<FilesList>
						<File> 
							<Name>TISHINA.wem</Name>
						</File>
					</FilesList> 
				</Path>
			</Container>
		</ExternalEvent>
		<ExternalEvent> 
			<Name>Play_UI_Tutorial_Task_5</Name> 
			<Container> 
				<Name>Voice</Name>
				<ExternalId>VUI_Tutorial_Task_5</ExternalId>
				<Path> 
					<StateList/> 
					<FilesList> 
						<File> 
							<Name>TISHINA.wem</Name>
						</File>
					</FilesList>
				</Path> 
			</Container> 
		</ExternalEvent> 
		<ExternalEvent>
			<Name>Play_UI_Tutorial_Task_6</Name>
			<Container>
				<Name>Voice</Name> 
				<ExternalId>VUI_Tutorial_Task_6</ExternalId> 
				<Path> 
					<StateList/>
					<FilesList> 
						<File> 
							<Name>TISHINA.wem</Name>
						</File> 
					</FilesList> 
				</Path> 
			</Container>
		</ExternalEvent> 
		<ExternalEvent> 
			<Name>Play_UI_Tutorial_Task_7</Name>
			<Container> 
				<Name>Voice</Name>
				<ExternalId>VUI_Tutorial_Task_7</ExternalId>
				<Path>
					<StateList/>
					<FilesList> 
						<File> 
							<Name>TISHINA.wem</Name>
						</File> 
					</FilesList> 
				</Path> 
			</Container>
		</ExternalEvent>
		<ExternalEvent>
			<Name>Play_UI_Tutorial_Task_8</Name> 
			<Container>
				<Name>Voice</Name> 
	            <ExternalId>VUI_Tutorial_Task_8</ExternalId>
    			<Path> 
    				<StateList/> 
        	    	<FilesList> 
	            		<File> 
                        	<Name>TISHINA.wem</Name>
		    	    	</File>
        		    </FilesList>
	        	</Path> 
    		</Container>
    	</ExternalEvent>
		<ExternalEvent>
	    	<Name>Play_UI_Tutorial_Task_9</Name>
            <Container> 
    		    <Name>Voice</Name> 
    			<ExternalId>VUI_Tutorial_Task_9</ExternalId>
		        <Path> 
	    		    <StateList/>
			        <FilesList>
    		            <File> 
    			            <Name>TISHINA.wem</Name> 
			            </File> 
	        	    </FilesList>
        	    </Path>
    	    </Container> 
		</ExternalEvent> 
		<ExternalEvent> 
        	<Name>Play_VO_Alarm_Defective_Modules</Name> 
            <Container> 
			    <Name>Voice</Name> 
	    	    <ExternalId>VVO_Alarm_Defective_Modules</ExternalId>
            	<Path>
		    		<StateList>
		        	    <State> 
		            		<Name>Module_State</Name>
                        	<Value>Module_State_Crit</Value> 
		    	    	</State>
        		    	<State> 
        	    		    <Name>Module_Type</Name> 
				    	    <Value>Module_Type_Engine</Value>
            		    </State>
    				</StateList> 
	        	    <FilesList>
		    			<File> 
            		        <Name>Shiroko_Defective_Modules_Engine_Damaged.wem</Name> 
        			    </File>
        			</FilesList> 
            	</Path>
        	    <Path>
        	        <StateList> 
	    				<State>
        	            	<Name>Module_State</Name>
		    	    	    <Value>Module_State_Crit</Value>
            			</State>
    				    <State> 
    	    		        <Name>Module_Type</Name>
    		                <Value>Module_Type_MG</Value> 
        			    </State> 
	    	        </StateList> 
		    	    <FilesList> 
    	    		    <File>
				    	    <Name>Shiroko_Defective_Modules_MainGun_Damaged.wem</Name>
            		    </File> 
    				</FilesList> 
	        	</Path>
    		    <Path>
			        <StateList>
    		            <State>
    			            <Name>Module_State</Name>
			            	<Value>Module_State_Crit</Value> 
        	            </State> 
	        	    	<State>
			        	    <Name>Module_Type</Name> 
        			    	<Value>Module_Type_Steering_Wheel</Value>
    	                </State>
			    	</StateList> 
			        <FilesList>
	    		        <File>
    		                <Name>Shiroko_Defective_Modules_Wheel_Damaged.wem</Name>
        			    </File> 
	    	        </FilesList> 
		    	</Path> 
        	    <Path>
		    		<StateList>
		    	        <State> 
        		        	<Name>Module_State</Name> 
				        	<Value>Module_State_Dead</Value> 
    		    		</State> 
	            		<State>
                			<Name>Module_Type</Name>
            			    <Value>Module_Type_MG</Value>
        	        	</State> 
            	    </StateList> 
    	    		<FilesList> 
		        	    <File>
        			    	<Name>Shiroko_Defective_Modules_MainGun_Destroyed.wem</Name>
    	                </File>
			    	</FilesList> 
			    </Path> 
    	    	<Path> 
	            	<StateList>
	                    <State> 
    			    	    <Name>Module_State</Name> 
	        		    	<Value>Module_State_Dead</Value>
        	    		</State> 
    				    <State> 
	                		<Name>Module_Type</Name> 
        					<Value>Module_Type_TA</Value>
        	    		</State> 
    			    </StateList> 
        		    <FilesList>
            			<File> 
            			    <Name>Shiroko_Defective_Modules_Torpedo_Destroyed.wem</Name>
        	        	</File>
            	    </FilesList>
    	    	</Path>
			</Container> 
        </ExternalEvent> 
	    <ExternalEvent>
        	<Name>Play_VO_Alarm_Map_Border</Name> 
		    <Container> 
	    	    <Name>Voice</Name> 
            	<ExternalId>VVO_Alarm_Map_Border</ExternalId>
		    	<Path>
			        <StateList/>
	    		    <FilesList> 
        		        <File>
                			<Name>Shiroko_Alarm_Blue_Line.wem</Name> 
    	    	        </File>
		    	    </FilesList> 
    	    	</Path> 
	    	</Container> 
		</ExternalEvent> 
	    <ExternalEvent>
	        <Name>Play_VO_Alarm_Weather_Changed</Name>
        	<Container>
	        	<Name>Voice</Name> 
				<ExternalId>VVO_Alarm_Weather_Changed</ExternalId>
        	    <Path>
		    		<StateList/>
	            	<FilesList>
	                	<File> 
		            		<Name>TISHINA.wem</Name> 
	            	    </File>
    	            </FilesList> 
	        	</Path>
    			<Path>
	        	    <StateList> 
        			    <State> 
	    	                <Name>Ambient_Battle_Weather_Type</Name> 
			    			<Value>Ambient_Battle_Weather_Type_Storm</Value>
	        	    	</State>
	            	</StateList> 
	                <FilesList> 
        			    <File> 
	    	        		<Name>TISHIMA.wem</Name> 
    	        	    </File> 
		    		</FilesList> 
		    	</Path>
                <Path>
		        	<StateList>
				        <State> 
	    		    		<Name>Ambient_Battle_Weather_Type</Name>
	            		    <Value>Ambient_Battle_Weather_Type_Snowstorm</Value> 
            			</State>
            		</StateList> 
	            	<FilesList> 
        	            <File>
	        	    		<Name>TISHIMA.wem</Name>
		        	    </File> 
        			</FilesList>
    	    	</Path> 
            </Container> 
    	</ExternalEvent>
		<ExternalEvent> 
    		<Name>Play_VO_Autopilot</Name>
		    <Container>
    	    	<Name>Voice</Name> 
	            <ExternalId>VVO_Autopilot</ExternalId>
		        <Path>
                	<StateList>
		    	    	<State>
        		    	    <Name>VO_Autopilot</Name> 
    	    		    	<Value>VO_Autopilot_Checkpoint</Value>
			    	    </State> 
            		</StateList> 
        			<FilesList> 
		        	    <File> 
		    			    <Name>Shiroko_Autopilot_Checkpoint.wem</Name>
        		        </File>
        			</FilesList> 
            	</Path> 
		        <Path>
    	        	<StateList>
            	        <State>
	    				    <Name>VO_Autopilot</Name>
    	            		<Value>VO_Autopilot_End</Value>
	    	    	    </State> 
            		</StateList> 
	    			<FilesList>
	        	    	<File> 
	            		    <Name>Shiroko_Autopilot_Destination.wem</Name>
                    	</File>
		    	    </FilesList> 
	        	</Path>
	    	    <Path>
    	    		<StateList>
    				    <State> 
	                		<Name>VO_Autopilot</Name> 
        					<Value>VO_Autopilot_Off</Value> 
        	    		</State>
    			    </StateList>
        		    <FilesList> 
            			<File> 
            			    <Name>Shiroko_Autopilot_Disabled.wem</Name> 
        	        	</File> 
            	    </FilesList>
    	    	</Path>
			    <Path>
    	            <StateList> 
			    	    <State> 
	                		<Name>VO_Autopilot</Name> 
	    				    <Value>VO_Autopilot_On</Value>
    	    		    </State>
        		    </StateList>
                    <FilesList> 
			    	    <File> 
	        		    	<Name>Shiroko_Autopilot_Enabled.wem</Name> 
        	    		</File>
    				</FilesList> 
    	        </Path> 
        	</Container>
	    </ExternalEvent> 
    	<ExternalEvent> 
			<Name>Play_VO_Consumable</Name> 
	        <Container>
	    		<Name>Voice</Name> 
    			<ExternalId>VVO_Consumable</ExternalId> 
            	<Path>
	                <StateList> 
			            <State>
			            	<Name>HelpType</Name>
        	            	<Value>AirDefenseDisp</Value>
        	    		</State>
		        	</StateList> 
            		<FilesList> 
	    	    	    <File>
            			    <Name>Shiroko_Consumable_AAC_Ready.wem</Name> 
				        </File> 
	    		    </FilesList> 
        		</Path>
                <Path>
        			<StateList>
    	    	        <State> 
		    	        	<Name>HelpType</Name>
    		    			<Value>CallFighters</Value> 
	    	            </State>
    		        </StateList> 
					<FilesList> 
        	    		<File> 
    			            <Name>Shiroko_CatFight_Launch.wem</Name> 
		                </File>
			        </FilesList>
    			</Path>
            	<Path> 
        	        <StateList>
    	        	    <State>
				        	<Name>HelpType</Name>
            			    <Value>Engine</Value>
	    	            </State> 
    			    </StateList> 
				    <FilesList>
    	    		    <File> 
        		            <Name>Shiroko_Consumable_Forsage_Start.wem</Name>
            			</File>
    	    	    </FilesList> 
    		    </Path> 
	        	<Path> 
    		    	<StateList>
			    	    <State>
            		        <Name>HelpType</Name> 
					        <Value>Fighter</Value> 
	    		    	</State> 
		            </StateList> 
		            <FilesList> 
    			        <File> 
    			            <Name>Shiroko_CatFight_Launch.wem</Name>
	        	        </File>
    	        	</FilesList>
    			</Path> 
		        <Path>
					<StateList>
        	    		<State> 
    			            <Name>HelpType</Name>
		                	<Value>Scout</Value>
		            	</State>
		            </StateList>
	        	    <FilesList> 
        	        	<File>
    				        <Name>Shiroko_Corr_Launch.wem</Name> 
	            		</File> 
	    	    	</FilesList> 
                </Path> 
			    <Path>
				    <StateList>
    	    		    <State> 
        		            <Name>HelpType</Name> 
            			    <Value>Smoke</Value>
	    	        	</State>
	    	        </StateList>
	    		    <FilesList>
				    	<File>
                		    <Name>Shiroko_Consumable_Smoke_Start.wem</Name> 
    					</File> 
        	    	</FilesList>
	    		</Path> 
	        </Container>
    	</ExternalEvent>
	    <ExternalEvent> 
            <Name>Play_VO_Consumable_End</Name>
			<Container>
            	<Name>Voice</Name>
		        <ExternalId>VVO_Consumable_End</ExternalId> 
    	        <Path> 
	            	<StateList> 
        	    		<State>
		        	        <Name>HelpType</Name>
    			    	    <Value>AirDefenseDisp</Value> 
	                	</State> 
		    		</StateList> 
		        	<FilesList> 
    		            <File>
		                    <Name>Shiroko_Consumable_AAC_Normal.wem</Name>
    			    	</File>
    	        	</FilesList> 
	    	    </Path> 
    	    	<Path> 
	    			<StateList>
	    	            <State>
    		        		<Name>HelpType</Name>
			        	    <Value>CrashCrew</Value> 
		    			</State> 
            		</StateList> 
                	<FilesList>
		            	<File> 
		            	    <Name>Shiroko_Consumable_Problem_Solved.wem</Name> 
    	            	</File>
        	    	</FilesList> 
			    </Path> 
    	        <Path> 
    			    <StateList>
	    	            <State> 
    			    		<Name>HelpType</Name> 
		        	    	<Value>Engine</Value>
	            		</State> 
                    </StateList>
    			    <FilesList>
	    	        	<File>
	    	        	    <Name>Shiroko_Consumable_Forsage_Normal.wem</Name>
		    			</File> 
	    	        </FilesList> 
        		</Path>
        		<Path> 
			        <StateList> 
	    		    	<State> 
		            		<Name>HelpType</Name>
                			<Value>Fighter</Value>
            			</State>
            	    </StateList> 
    	            <FilesList>
	        	    	<File> 
			        	    <Name>TISHINA.wem</Name>
        			    </File> 
	    	        </FilesList> 
        		</Path> 
	    		<Path> 
		        	<StateList>
    		            <State>
		                    <Name>HelpType</Name>
    			    	    <Value>Scout</Value> 
	        		    </State>
	        	    </StateList>
		    		<FilesList>
		    	        <File>
        		        	<Name>TISHINA.wem</Name> 
				        </File> 
	    		    </FilesList>
			    </Path> 
        		<Path>
                	<StateList>
		            	<State> 
		            	    <Name>HelpType</Name> 
    	            	    <Value>Smoke</Value> 
    	    			</State>
	        	    </StateList>
        			<FilesList> 
    	    	        <File> 
        			    	<Name>Shiroko_Consumable_Smoke_Stop.wem</Name> 
			        	</File> 
    		        </FilesList> 
    		    </Path> 
            </Container>
        </ExternalEvent>
		<ExternalEvent>
	    	<Name>Play_VO_Consumable_Interrupted</Name> 
    	    <Container>
    		    <Name>Voice</Name> 
	        	<ExternalId>VVO_Consumable_Interrupted</ExternalId>
    		    <Path> 
				    <StateList> 
	                	<State>
	        				<Name>HelpType</Name>
	        	    		<Value>Fighter</Value> 
    			        </State>
    		        </StateList> 
        			<FilesList> 
            			<File>
            	        	<Name>Shiroko_CatFight_Destroyed.wem</Name> 
            	        </File>
	    			</FilesList>
	        	</Path> 
            	<Path>
		    	    <StateList>
	                	<State>
		    				<Name>HelpType</Name>
        	    		    <Value>Scout</Value> 
        		        </State>
                	</StateList> 
		    	    <FilesList> 
	        		    <File> 
	        	    		<Name>Shiroko_Corr_Destroyed.wem</Name> 
    				    </File>
	                </FilesList>
		        </Path> 
			</Container> 
		</ExternalEvent>
        <ExternalEvent>
	    	<Name>Play_VO_Damage_Death</Name>
	    	<Container>
		        <Name>Voice</Name>
    		    <ExternalId>VVO_Damage_Death</ExternalId> 
            	<Path> 
		            <StateList/>
			        <FilesList> 
    	        	    <File>
        	        	    <Name>Shiroko_Ship_Destroyed.wem</Name>
				        </File> 
	            	</FilesList>
		    	</Path>
    	    </Container>
        </ExternalEvent> 
    	<ExternalEvent> 
		    <Name>Play_VO_Detection_Enemy</Name> 
			<Container>
	        	<Name>Voice</Name>
    		    <ExternalId>VVO_Detection_Enemy</ExternalId> 
        		<Path> 
                    <StateList> 
    			    	<State> 
    	        		    <Name>VO_Spotting</Name>
	        	    		<Value>VO_Spotting_AirCarrier</Value>
    				    </State>
	                </StateList> 
		        	<FilesList> 
				        <File> 
	    		    		<Name>Shiroko_Detection_Enemy_Aircarrier_1.wem</Name>
	            		</File>
  		<File> 
	    		    		<Name>Shiroko_Detection_Enemy_Aircarrier_2.wem</Name>
	            		</File>

                	</FilesList>
		        </Path> 
    			<Path> 
            	    <StateList> 
    	            	<State>
        	    			<Name>VO_Spotting</Name> 
	        	            <Value>VO_Spotting_Battleship</Value> 
			    	    </State>
	                </StateList> 
			    	<FilesList> 
			        	<File> 
    		            	<Name>Shiroko_Detection_Enemy_Battleship_1.wem</Name>
	                    </File> 
			<File> 
    		            	<Name>Shiroko_Detection_Enemy_Battleship_2.wem</Name>
	                    </File> 

    			    </FilesList> 
	    	    </Path>
    		    <Path> 
	        	    <StateList>
		    			<State>
	    	                <Name>VO_Spotting</Name>
		        			<Value>VO_Spotting_Cruiser</Value>
		        	    </State> 
		    		</StateList> 
	            	<FilesList>
	                	<File> 
		            		<Name>Shiroko_Detection_Enemy_Cruiser_1.wem</Name> 
	            	    </File> 
<File> 
		            		<Name>Shiroko_Detection_Enemy_Cruiser_2.wem</Name> 
	            	    </File> 

    	            </FilesList>
	        	</Path>
    			<Path>
	        	    <StateList> 
        			    <State>
	    	                <Name>VO_Spotting</Name> 
			    			<Value>VO_Spotting_Destroyer</Value>
	        	    	</State> 
	            	</StateList> 
	                <FilesList> 
        			    <File> 
	    	        		<Name>Shiroko_Detection_Enemy_Destroyer_1.wem</Name>
    	        	    </File>
<File> 
	    	        		<Name>Shiroko_Detection_Enemy_Destroyer_2.wem</Name>
    	        	    </File>

		    		</FilesList>
		    	</Path> 
                <Path>
		        	<StateList>
				        <State>
	    		    		<Name>VO_Spotting</Name>
	            		    <Value>VO_Spotting_Multi</Value> 
            			</State> 
            		</StateList>
	            	<FilesList> 
        	            <File>
	        	    		<Name>Shiroko_Detection_Enemy_Any_Ship_1.wem</Name>
		        	    </File> 
 <File>
	        	    		<Name>Shiroko_Detection_Enemy_Any_Ship_2.wem</Name>
		        	    </File> 
        			</FilesList> 
    	    	</Path> 
                <Path>
			    	<StateList>
			        	<State> 
    		            	<Name>VO_Spotting</Name> 
	                        <Value>VO_Spotting_Submarine</Value> 
			    	    </State> 
	        		</StateList> 
    	        	<FilesList> 
    		    		<File>
		    	            <Name>Shiroko_Detection_Enemy_Sub.wem</Name>
    		        	</File>
			 </FilesList> 
    	    	</Path>
	    	</Container> 
		</ExternalEvent>
        <ExternalEvent> 
    		<Name>Play_VO_Domination_Status</Name> 
            <Container>
    			<Name>Voice</Name>
            	<ExternalId>VVO_Domination_Status</ExternalId> 
		        <Path>
    	        	<StateList> 
            	        <State> 
	    				    <Name>VO_Domination</Name>
    	            		<Value>D_Ally</Value> 
	    	    	    </State>
            		</StateList>
	    			<FilesList> 
	        	    	<File>
	            		    <Name>Shiroko_Domination_Ally_Advantage.wem</Name>
                    	</File>
		    	    </FilesList>
	        	</Path> 
	    	    <Path>
    	    		<StateList> 
    				    <State> 
	                		<Name>VO_Domination</Name> 
        					<Value>D_Enemy</Value> 
        	    		</State>
    			    </StateList>
        		    <FilesList> 
            			<File> 
            			    <Name>Shiroko_Domination_Enemy_Advantage.wem</Name>
        	        	</File>
            	    </FilesList>
    	    	</Path>
			    <Path>
    	            <StateList> 
			    	    <State> 
	                		<Name>VO_Domination</Name>
	    				    <Value>W_Ally</Value> 
    	    		    </State>
        		    </StateList>
                    <FilesList> 
			    	    <File>
	        		    	<Name>Shiroko_Domination_Ally_Close_Win.wem</Name>
        	    		</File>
    				</FilesList> 
    	        </Path> 
        		<Path> 
        			<StateList>
		        	    <State>
		    			    <Name>VO_Domination</Name> 
        		            <Value>W_Enemy</Value> 
    			        </State> 
    			    </StateList> 
        	        <FilesList>
	            	    <File>
    	    				<Name>Shiroko_Domination_Enemy_Close_Win.wem</Name>
        	            </File> 
			    	</FilesList> 
    	        </Path> 
        		<Path>
	    			<StateList>
	        	    	<State>
	            		    <Name>VO_Domination</Name> 
                    		<Value>VO_Domination_Advantage_Enemy</Value> 
	    	    	    </State> 
    		    	</StateList>
        	    	<FilesList> 
	    				<File> 
    	                	<Name>TISHIMA.wem</Name>
	        			</File> 
		        	</FilesList> 
    		    </Path> 
			    <Path>
        		    <StateList> 
            			<State> 
            			    <Name>VO_Domination</Name>
        	        	    <Value>VO_Domination_Advantage_Ally</Value> 
        	        	</State>
    				</StateList>
        	        <FilesList>
    			    	<File>
    	                	<Name>TISHIMA.wem</Name> 
		    			</File> 
	        	    </FilesList>
		        </Path> 
    		    <Path> 
                    <StateList> 
			    	    <State>
	        		    	<Name>VO_Domination</Name>
        	    		    <Value>VO_Domination_Close_Win_Enemy</Value>
				    	</State> 
                	</StateList>
	        		<FilesList> 
			        	<File>
    		    			<Name>TISHIMA.wem</Name> 
            		    </File> 
            		</FilesList> 
	            </Path> 
			    <Path>
        	        <StateList>
	            	    <State>
    	    				<Name>VO_Domination</Name> 
        	            	<Value>VO_Domination_Close_Win_Ally</Value>
		    	    	</State>
                	</StateList>
		    		<FilesList>
		        	    <File> 
		            		<Name>TISHIMA.wem</Name> 
                        </File>
			    	</FilesList> 
    	        </Path>
		    </Container>
	    </ExternalEvent> 
    	<ExternalEvent> 
    		<Name>Play_VO_DoubleKill</Name> 
    		<Container>
		    	<Name>Voice</Name>
                <ExternalId>VVO_DoubleKill</ExternalId> 
		        <Path> 
					<StateList/> 
        	    	<FilesList> 
	    			    <File> 
        		            <Name>Shiroko_DoubleKill.wem</Name> 
    			        </File>
    			    </FilesList>
        	    </Path>
    	    </Container> 
        </ExternalEvent>
	    <ExternalEvent> 
    	    <Name>Play_VO_Fire_Alarm</Name>
			<Container> 
	        	<Name>Voice</Name> 
            	<ExternalId>VVO_Fire_Alarm</ExternalId>
		    	<Path>
    	            <StateList> 
    			    	<State>
			        	    <Name>isPlayer</Name> 
		            		<Value>True</Value> 
                        </State>
			    	</StateList> 
    	        	<FilesList>
	    	        	<File>
    		    			<Name>Shiroko_Alarms_Fire_Alarm.wem</Name> 
	    	            </File>
    		        </FilesList>
				</Path>
	        </Container>
	    </ExternalEvent> 
		<ExternalEvent>
    		<Name>Play_VO_FirstKill</Name> 
	        <Container> 
    		    <Name>Voice</Name> 
            	<ExternalId>VVO_FirstKill</ExternalId> 
		        <Path>
    			    <StateList/>
        	        <FilesList> 
	            	    <File> 
    	    				<Name>Shiroko_FirstKill.wem</Name>
        	            </File>
			    	</FilesList>
    	        </Path>
        	</Container>
		</ExternalEvent> 
    	<ExternalEvent> 
			<Name>Play_VO_Frags</Name>
        	<Container> 
    		    <Name>Voice</Name>
        		<ExternalId>VVO_Frags</ExternalId>
                <Path> 
        			<StateList>
    	    	        <State>
		    	        	<Name>Damage_Frag_Type</Name>
    		    			<Value>Damage_Frag_AirCarrier</Value> 
	    	            </State> 
    		        	<State> 
				        	<Name>isPlayer</Name>
    		    			<Value>False</Value>
            		    </State> 
            		</StateList> 
	            	<FilesList> 
		            	<File> 
        	            	<Name>Shiroko_Destroy_Enemy_Aircarrier_1.wem</Name>
        	    		</File>
<File> 
        	            	<Name>Shiroko_Destroy_Enemy_Aircarrier_2.wem</Name>
        	    		</File>
		        	</FilesList>
            	</Path> 
		    	<Path> 
    	            <StateList> 
    			    	<State>
			        	    <Name>Damage_Frag_Type</Name>
		            		<Value>Damage_Frag_AirCarrier</Value>
                        </State> 
			    	    <State> 
	        		    	<Name>isPlayer</Name> 
        	    		    <Value>True</Value>
				    	</State> 
                	</StateList> 
	        		<FilesList>
			        	<File> 
    		    			<Name>Shiroko_Destroy_Ally_Aircarrier_1.wem</Name> 
            		    </File> 
            		</FilesList>
	            </Path> 
			    <Path> 
        	        <StateList>
	            	    <State> 
    	    				<Name>Damage_Frag_Type</Name>
        	            	<Value>Damage_Frag_Battleship</Value>
		    	    	</State>
                		<State>
	    				    <Name>isPlayer</Name> 
    	    		        <Value>False</Value> 
    		            </State>
            		</StateList> 
	    	    	<FilesList> 
        		    	<File> 
        	    		    <Name>Shiroko_Destroy_Enemy_Battleship_1.wem</Name>
				    	</File>
<File> 
        	    		    <Name>Shiroko_Destroy_Enemy_Battleship_2.wem</Name>
				    	</File>
                	</FilesList>
	        	</Path> 
				<Path>
        	    	<StateList> 
	    			    <State>
        		            <Name>Damage_Frag_Type</Name> 
    			            <Value>Damage_Frag_Battleship</Value> 
			            </State> 
	        	        <State> 
    	        	    	<Name>isPlayer</Name>
			        	    <Value>True</Value>
        			    </State>
	    	        </StateList> 
        			<FilesList>
    				    <File>
    	    		        <Name>Shiroko_Destroy_Ally_Battleship_1.wem</Name>
    		            </File>
            		</FilesList> 
	    	    </Path> 
	        	<Path>
	    	        <StateList> 
	    		    	<State>
			    	        <Name>Damage_Frag_Type</Name>
        		        	<Value>Damage_Frag_Cruiser</Value> 
				        </State> 
	    		    	<State> 
		            		<Name>isPlayer</Name>
                			<Value>False</Value>
            			</State> 
            	    </StateList> 
    	            <FilesList> 
	        	    	<File> 
			        	    <Name>Shiroko_Destroy_Enemy_Cruiser_1.wem</Name> 
        			    </File> 
<File> 
			        	    <Name>Shiroko_Destroy_Enemy_Cruiser_2.wem</Name> 
        			    </File>
	    	        </FilesList>
        		</Path>
	    		<Path>
		        	<StateList> 
    		            <State>
		                    <Name>Damage_Frag_Type</Name> 
    			    	    <Value>Damage_Frag_Cruiser</Value>
	        		    </State> 
	        	    	<State> 
	    				    <Name>isPlayer</Name>
	                		<Value>True</Value>
        				</State> 
	        	    </StateList>
		    		<FilesList> 
	            		<File> 
                			<Name>Shiroko_Destroy_Ally_Cruiser_1.wem</Name>
            			</File> 
            	    </FilesList>
    	        </Path>
    	        <Path> 
	    			<StateList>
	        	        <State>
    			    	    <Name>Damage_Frag_Type</Name>
	                		<Value>Damage_Frag_Destroyer</Value>
	    				</State> 
        	    		<State>
            		        <Name>isPlayer</Name> 
                			<Value>False</Value> 
    	    	        </State> 
		    	    </StateList> 
    	    		<FilesList>
    				    <File>
	                		<Name>Shiroko_Destroy_Enemy_Destroyer_1.wem</Name> 
        				</File> 
<File>
	                		<Name>Shiroko_Destroy_Enemy_Destroyer_2.wem</Name> 
        				</File> 
	        	    </FilesList>
		    	</Path>
		        <Path>
    		        <StateList>
        			    <State>
        			        <Name>Damage_Frag_Type</Name> 
    	        	        <Value>Damage_Frag_Destroyer</Value> 
    	        	    </State>
				        <State> 
	            			<Name>isPlayer</Name>
    	    	            <Value>True</Value>
    			    	</State> 
			        </StateList>
	    		    <FilesList>
        		        <File>
                			<Name>Shiroko_Destroy_Ally_Destroyer_1.wem</Name> 
    	    	        </File> 
		    	    </FilesList> 
    	    	</Path>
	    		<Path>
		    	    <StateList> 
            		    <State> 
    					    <Name>isPlayer</Name> 
    	    		    	<Value>False</Value> 
		            	</State>
	                	<State>
		            		<Name>Damage_Frag_Type</Name>
	            	        <Value>Damage_Frag_Submarine</Value> 
	            	    </State> 
    	    		</StateList> 
		        	<FilesList>
            			<File>
    	    	            <Name>TISHIMA.wem</Name>
    			    	</File> 
			        </FilesList> 
	    		</Path> 
            	<Path>
	                <StateList> 
        			    <State> 
	    	        		<Name>isPlayer</Name>
    	        	    	<Value>True</Value> 
	    				</State> 
    	                <State> 
		        			<Name>Damage_Frag_Type</Name>
		        	    	<Value>Damage_Frag_Submarine</Value> 
	    			    </State> 
        		    </StateList>
            		<FilesList> 
	            		<File>
	            	        <Name>TISHIMA.wem</Name>
	            	    </File>
    	    		</FilesList>
		        </Path> 
	        </Container> 
    	</ExternalEvent>
		<ExternalEvent> 
    	    <Name>Play_VO_Friendly_Hit</Name> 
	        <Container> 
        		<Name>Voice</Name>
	    		<ExternalId>VVO_Friendly_Hit</ExternalId>
		        <Path>
	    		    <StateList/> 
        		    <FilesList>
                    	<File> 
		    	    	    <Name>Shiroko_Friendly_Fire_Hit_Alert_1.wem</Name>
    		    	    </File> 
<File> 
		    	    	    <Name>Shiroko_Friendly_Fire_Hit_Alert_2.wem</Name>
    		    	    </File> 
    	    		</FilesList> 
    			</Path> 
	    	</Container> 
        </ExternalEvent>
        <ExternalEvent>
		    <Name>Play_VO_Highschool_Fleet_Capture_Fort</Name>
    		<Container> 
			    <Name>Voice</Name>
    	    	<ExternalId>VVO_Highschool_Fleet_Capture_Fort</ExternalId>
	    		<Path>
	            	<StateList/>
	                <FilesList> 
			            <File> 
			            	<Name>Shiroko_Capture_Fort_1.wem</Name>
        	            </File> 
	        	    	<File>
			        	    <Name>Shiroko_Capture_Fort_2.wem</Name>
        			    </File> 
	    	        </FilesList> 
        		</Path> 
	    	</Container>
		</ExternalEvent>
	    <ExternalEvent> 
    	    <Name>Play_VO_Highschool_Fleet_MG_Shot</Name> 
		    <Container> 
        		<Name>Voice</Name> 
                <ExternalId>VVO_Highschool_Fleet_MG_Shot</ExternalId> 
        		<Path> 
	    	    	<StateList/>
        		    <FilesList>
	        	    	<File>
	    				    <Name>Shiroko_Fire_Main_Battery_1.wem</Name> 
	                	</File>
	        			<File> 
		        	    	<Name>Shiroko_Fire_Main_Battery_2.wem</Name>
	    			    </File> 
        		    </FilesList> 
            	</Path>
		    </Container>
        </ExternalEvent> 
		<ExternalEvent>
	        <Name>Play_VO_Highschool_Fleet_TA_shot</Name> 
    	    <Container> 
    	        <Name>Voice</Name>
    	        <ExternalId>VVO_Highschool_Fleet_TA_shot</ExternalId> 
	    		<Path>
		        	<StateList/>
            		<FilesList> 
	    	    	    <File>
            			    <Name>Shiroko_Fire_Torpedo_1.wem</Name>
				        </File>
	    		        <File>
    		                <Name>Shiroko_Fire_Torpedo_2.wem</Name> 
        			    </File>
	    	        </FilesList> 
		    	</Path> 
        	</Container> 
    	</ExternalEvent> 
	    <ExternalEvent>
			<Name>Play_VO_Highschool_Fleet_Torpedo_Hit</Name>
	    	<Container> 
                <Name>Voice</Name> 
		        <ExternalId>VVO_Highschool_Fleet_Torpedo_Hit</ExternalId>
				<Path>
	        	    <StateList/>
		    		<FilesList>
	            		<File>
                			<Name>Shiroko_Torpedo_Hit_1.wem</Name> 
            			</File> 
            	        <File>
	            	        <Name>Shiroko_Torpedo_Hit_2.wem</Name> 
	    				</File>
        	        </FilesList>
    			</Path> 
    	    </Container>
	    </ExternalEvent>
        <ExternalEvent>
    		<Name>Play_VO_Hit_Feedback_Good_Hit</Name> 
	    	<Container> 
			    <Name>Voice</Name> 
    	    	<ExternalId>VVO_Hit_Feedback_Good_Hit</ExternalId>
	            <Path>
		            <StateList/> 
            		<FilesList> 
	    	    	    <File> 
    		    	        <Name>Shiroko_Hit_Confirmation_1.wem</Name> 
	    		    	</File>
			    	    <File>
            		        <Name>Shiroko_Hit_Confirmation_2.wem</Name>
					    </File> 
   		            </FilesList>
			    </Path>
        	</Container> 
        </ExternalEvent> 
	    <ExternalEvent> 
        	<Name>Play_VO_Last_Hope</Name>
        	<Container> 
    			<Name>Voice</Name> 
	        	<ExternalId>VVO_Last_Hope</ExternalId>
            	<Path> 
		    	    <StateList/> 
	                <FilesList> 
			    		<File>
		        	    	<Name>Shiroko_Last_Hope_1.wem</Name> 
	            		</File> 
                        <File>
			    	    	<Name>Shiroko_Last_Hope_2.wem</Name> 
        		    	</File>
        	    	</FilesList>
	    		</Path>
		    </Container>
	    </ExternalEvent> 
        <ExternalEvent> 
    		<Name>Play_VO_Pilots_ID</Name>
        	<Container> 
				<Name>Voice</Name> 
        	    <ExternalId>VVO_Pilots_ID</ExternalId> 
		    	<Path>
		            <StateList>
		                <State>
			            	<Name>VO_Plane_ID</Name> 
		            	    <Value>id1</Value>
    	            	</State> 
        	    	</StateList>
			        <FilesList> 
	            		<File> 
	    	    	        <Name>TISHINA.wem</Name> 
        			    </File> 
				    </FilesList>
    	    	</Path>
	            <Path>
		            <StateList> 
            			<State>
    	    	        	<Name>VO_Plane_ID</Name>
	    	        	    <Value>id2</Value>
		    			</State>
	    	        </StateList> 
        		    <FilesList> 
    					<File>
        	    		    <Name>TISHINA.wem</Name> 
			            </File>
		            </FilesList>
    			</Path> 
            	<Path> 
		            <StateList> 
	        	        <State>
    	        	    	<Name>VO_Plane_ID</Name>
			        	    <Value>id3</Value> 
        			    </State> 
	    	        </StateList> 
        			<FilesList> 
    				    <File> 
    	    		        <Name>TISHINA.wem</Name> 
    		            </File>
            		</FilesList>
	    	    </Path>
	        	<Path> 
	    	        <StateList>
	    		    	<State> 
			    	        <Name>VO_Plane_ID</Name>
        		        	<Value>id4</Value> 
				        </State> 
	    		    </StateList>
			        <FilesList>
    		            <File> 
    			            <Name>TISHINA.wem</Name>
			            </File> 
	        	    </FilesList> 
        	    </Path>
    	    	<Path> 
			        <StateList>
	            		<State>
	    	    	        <Name>VO_Plane_ID</Name> 
        			    	<Value>id5</Value>
			        	</State>
    		        </StateList>
    		        <FilesList>
                		<File> 
	    	    	        <Name>TISHINA.wem</Name>
		    	        </File> 
	    		    </FilesList> 
				</Path> 
    	        <Path> 
        		    <StateList>
    					<State>
        	    		    <Name>VO_Plane_ID</Name> 
			            	<Value>id6</Value> 
	                	</State>
		            </StateList>
			        <FilesList>
    	        	    <File>
        	        	    <Name>TISHINA.wem</Name>
				        </File> 
	            	</FilesList> 
		    	</Path>
    	        <Path> 
        			<StateList>
    				    <State>
    	    		        <Name>VO_Plane_ID</Name> 
    		                <Value>id7</Value>
        			    </State>
	    	        </StateList>
		    	    <FilesList> 
    	    		    <File> 
				    	    <Name>TISHINA.wem</Name> 
            		    </File>
    				</FilesList>
	        	</Path> 
    		    <Path> 
			        <StateList> 
    		            <State> 
    			            <Name>VO_Plane_ID</Name>
			            	<Value>id8</Value>
        	            </State>
	        	    </StateList> 
				    <FilesList> 
    	            	<File> 
		    	    	    <Name>TISHINA.wem</Name>
            			</File>
    				</FilesList>
        	    </Path> 
		        <Path> 
    		        <StateList> 
                		<State>
	    	    	        <Name>VO_Plane_ID</Name> 
		    	        	<Value>id9</Value> 
    		    		</State>
		    	    </StateList> 
            		<FilesList> 
        				<File> 
	        	    		<Name>TISHINA.wem</Name>
    			        </File> 
    		        </FilesList> 
        		</Path>
	        </Container> 
    	</ExternalEvent>
		<ExternalEvent>
            <Name>Play_VO_Pilots_Status</Name>
	        <Container>
	            <Name>Voice</Name> 
	        	<ExternalId>VVO_Pilots_Status</ExternalId> 
    			<Path>
	        	    <StateList> 
        			    <State> 
	    	                <Name>VO_Plane_Status</Name> 
			    			<Value>ATTACK_STARTED</Value>
	        	    	</State>
	            	</StateList>
	                <FilesList> 
        			    <File>
	    	        		<Name>Shiroko_Pilots_Engage_1.wem</Name> 
    	        	    </File>
		    		</FilesList> 
		    	</Path> 
                <Path> 
		        	<StateList> 
				        <State>
	    		    		<Name>VO_Plane_Status</Name>
	            		    <Value>AtPos</Value>
            			</State> 
            		</StateList>
	            	<FilesList>
        	            <File>
	        	    		<Name>Shiroko_Pilots_Atpos_1.wem</Name>
		        	    </File> 
        			</FilesList> 
    	    	</Path>
                <Path> 
			    	<StateList>
			        	<State>
    		            	<Name>VO_Plane_Status</Name> 
	                        <Value>Destroy</Value> 
			    	    </State> 
	        		</StateList>
    	        	<FilesList>
    		    		<File> 
		    	            <Name>Shiroko_Pilots_Destroy_1.wem</Name> 
    		        	</File> 
				    </FilesList> 
    	    	</Path> 
	    		<Path> 
	            	<StateList>
	                	<State>
		            		<Name>VO_Plane_Status</Name>
	            	        <Value>LANDING_INITIATED</Value> 
	            	    </State>
    	    		</StateList> 
		        	<FilesList>
            			<File> 
    	    	            <Name>Shiroko_Pilots_Land_1.wem</Name> 
    			    	</File>
			        </FilesList>
	    		</Path> 
            	<Path>
	                <StateList> 
        			    <State> 
	    	        		<Name>VO_Plane_Status</Name>
    	        	    	<Value>Ready</Value> 
	    				</State>
    	            </StateList>
    		        <FilesList> 
					    <File>
    	    		    	<Name>Shiroko_Pilots_Ready_1.wem</Name>
		            	</File>
	                </FilesList>
			    </Path> 
        		<Path>
	            	<StateList> 
        	            <State> 
	        	    		<Name>VO_Plane_Status</Name> 
		        	        <Value>TAKEOFF_ENDED</Value> 
    			    	</State>
    	            </StateList>
    			    <FilesList> 
				        <File> 
	    		            <Name>Shiroko_Pilots_Airborne_1.wem</Name>
		                </File>
        			</FilesList>
    	    	</Path>
        		<Path>
    	        	<StateList> 
    		    		<State> 
		    	            <Name>VO_Plane_Status</Name>
    		        		<Value>TangoDown</Value> 
			        	</State>
    		    	</StateList>
		            <FilesList> 
		                <File>
			            	<Name>Shiroko_Pilots_Tangodown_1.wem</Name>
		            	</File>
        	        </FilesList> 
    	        </Path> 
	    		<Path> 
		        	<StateList>
            			<State>
    	    	            <Name>VO_Plane_Status</Name> 
    			    		<Value>UNDER_ATTACK</Value> 
		        	    </State> 
		            </StateList> 
		            <FilesList>
            			<File>
    	    	        	<Name>Shiroko_Pilots_Under_Attack_1.wem</Name>
	    	        	</File> 
    		    	</FilesList> 
			    </Path> 
	        </Container>
        </ExternalEvent>
		<ExternalEvent>
        	<Name>Play_VO_Priority_Target</Name> 
			<Container> 
	        	<Name>Voice</Name> 
    		    <ExternalId>VVO_Priority_Target</ExternalId>
			    <Path> 
        		    <StateList/> 
            		<FilesList>
	            		<File> 
	            	        <Name>TISHINA.wem</Name> 
	            	    </File> 
   	                </FilesList>
			    </Path> 
			</Container>
	    </ExternalEvent>
    	<ExternalEvent>
    		<Name>Play_VO_Quick_Commands</Name>
            <Container> 
		        <Name>Voice</Name> 
                <ExternalId>VVO_Quick_Commands</ExternalId>
			    <Path> 
	    	        <StateList> 
		    	        <State> 
	    		    		<Name>VO_Quick_Commands</Name>
		    	            <Value>CMD_QUICK_AYE_AYE</Value>
    		        	</State>
				    </StateList> 
    	    		<FilesList>
    			        <File> 
    		                <Name>Shiroko_Quick_Commands_Aye_Aye_1.wem</Name>
			            </File> 
			            <File> 
	        	            <Name>Shiroko_Quick_Commands_Aye_Aye_2.wem</Name> 
	        	    	</File> 
			        </FilesList>
	            </Path>
			    <Path>
	    	        <StateList> 
        			    <State>
				        	<Name>VO_Quick_Commands</Name>
    		            	<Value>CMD_QUICK_BACK</Value>
	                    </State>
    			    </StateList> 
	    	        <FilesList> 
		    	        <File>
	    		    		<Name>Shiroko_Quick_Commands_Back_1.wem</Name> 
		    	        </File>
        		        <File>
					        <Name>Shiroko_Quick_Commands_Back_2.wem</Name> 
	    		    	</File> 
		            </FilesList> 
		        </Path>
        		<Path>
	            	<StateList> 
		            	<State> 
        	            	<Name>VO_Quick_Commands</Name> 
        	    			<Value>CMD_QUICK_BACK_ALLY_SHIP</Value> 
	        	        </State> 
    			    </StateList> 
	    	        <FilesList>
        			    <File>
				        	<Name>Shiroko_Quick_Commands_Back_Ship_1.wem</Name>
    		            </File> 
		            </FilesList>
            	</Path> 
		    	<Path>
    	        	<StateList> 
	    	        	<State> 
    		    			<Name>VO_Quick_Commands</Name>
	    	                <Value>CMD_QUICK_CARAMBA</Value>
		        		</State> 
			        </StateList>
	    		    <FilesList> 
			            <File> 
		                	<Name>Shiroko_Quick_Commands_Caramba_1.wem</Name>
		            	</File> 
		            	<File>
        	            	<Name>Shiroko_Quick_Commands_Caramba_2.wem</Name>
        	    		</File> 
		        	</FilesList>
            	</Path>
		    	<Path>
    	            <StateList>
    			    	<State> 
			        	    <Name>VO_Quick_Commands</Name>
		            		<Value>CMD_QUICK_GOOD_GAME</Value> 
                        </State> 
			    	</StateList> 
    	        	<FilesList> 
	    	        	<File>
    		    			<Name>Shiroko_Quick_Commands_Good_Game_2.wem</Name>
	    	            </File> 
    		        </FilesList> 
				</Path>
	        	<Path>
    		    	<StateList>
		            	<State>
	                		<Name>VO_Quick_Commands</Name>
	            			<Value>CMD_QUICK_GOOD_GAME_ALLY_SHIP</Value> 
            	        </State> 
	            	</StateList>
        	    	<FilesList> 
			        	<File>
            			    <Name>Shiroko_Quick_Commands_GOOD_GAME_ALLY_SHIP.wem</Name>
	    	            </File> 
    			    </FilesList>
				</Path>
        	    <Path>
		            <StateList> 
		                <State> 
        			    	<Name>VO_Quick_Commands</Name> 
    	        		    <Value>CMD_QUICK_GOOD_LUCK</Value>
	        	    	</State>
	    			</StateList> 
	    	        <FilesList> 
        		        <File> 
					        <Name>Shiroko_Quick_Commands_Good_Luck_1.wem</Name> 
	    		    	</File>
		            	<File>
	                		<Name>Shiroko_Quick_Commands_Good_Luck_2.wem</Name>
	            		</File> 
	            	</FilesList> 
        	    </Path> 
        	    <Path>
    	    		<StateList>
		        	    <State>
        			    	<Name>VO_Quick_Commands</Name> 
    	                	<Value>CMD_QUICK_NEED_AIR_DEFENCE</Value> 
		    			</State> 
	        	    </StateList>
		            <FilesList> 
		                <File> 
        			    	<Name>Shiroko_Quick_Commands_Need_AA_1.wem</Name>
    	        		</File> 
    	        	</FilesList> 
    		    </Path> 
				<Path>
    	            <StateList> 
    		        	<State> 
				        	<Name>VO_Quick_Commands</Name>
    		    			<Value>CMD_QUICK_NEED_SMOKE</Value> 
            		    </State>
            		</StateList>
	            	<FilesList>
		            	<File>
        	            	<Name>Shiroko_Quick_Commands_Need_Smoke_1.wem</Name> 
        	    		</File> 
		        	</FilesList>
            	</Path> 
		    	<Path> 
    	            <StateList> 
    			    	<State>
			        	    <Name>VO_Quick_Commands</Name>
		            		<Value>CMD_QUICK_NEED_SUPPORT</Value>
                        </State> 
			    	</StateList>
    	        	<FilesList> 
	    	        	<File>
    		    			<Name>Shiroko_Quick_Commands_Need_Support_1.wem</Name> 
	    	            </File> 
    		        	<File> 
				        	<Name>Shiroko_Quick_Commands_Need_Support_2.wem</Name> 
    		    		</File>
	            	</FilesList>
	            </Path>
    			<Path> 
            		<StateList>
	            	    <State>
    	            	    <Name>VO_Quick_Commands</Name>
    	    				<Value>CMD_QUICK_NEED_SUPPORT_ALLY_PLANE</Value>
        	            </State> 
			    	</StateList> 
    	            <FilesList>
    			    	<File> 
			        	    <Name>Shiroko_Quick_Commands_Need_Support_Plane_1.wem</Name>
		            	</File>
	                </FilesList> 
        		</Path> 
	    	    <Path> 
	        		<StateList>
    	        	    <State>
		    				<Name>VO_Quick_Commands</Name> 
    	                	<Value>CMD_QUICK_NEED_SUPPORT_ALLY_SHIP</Value> 
	        			</State> 
		        	</StateList> 
    		    	<FilesList> 
		            	<File> 
	                		<Name>Shiroko_Quick_Commands_Need_Support_Ship_1.wem</Name>
	            		</File>
	            	</FilesList>
        	    </Path> 
        	    <Path>
    	    		<StateList> 
		        	    <State>
        			    	<Name>VO_Quick_Commands</Name> 
    	                	<Value>CMD_QUICK_NEED_VISION</Value> 
		    			</State>
	        	    </StateList>
		            <FilesList> 
		                <File>
        			    	<Name>Shiroko_Quick_Commands_Need_Scouting_1.wem</Name> 
    	        		</File> 
    	        	</FilesList>
    		    </Path> 
				<Path>
    	            <StateList>
    		        	<State> 
				        	<Name>VO_Quick_Commands</Name>
    		    			<Value>CMD_QUICK_NO_WAY</Value>
            		    </State>
            		</StateList>
	            	<FilesList> 
		            	<File>
        	            	<Name>Shiroko_Quick_Commands_No_Way_1.wem</Name> 
        	    		</File> 
		        	    <File> 
        			    	<Name>Shiroko_Quick_Commands_No_Way_2.wem</Name> 
    	                </File>
			    	</FilesList>
			    </Path> 
    	    	<Path> 
	            	<StateList>
	                    <State>
    			    	    <Name>VO_Quick_Commands</Name>
	        		    	<Value>CMD_QUICK_SOS</Value>
        	    		</State>
    				</StateList> 
    	            <FilesList> 
    		        	<File>
				        	<Name>Shiroko_Quick_Commands_Sos_1.wem</Name> 
    		    		</File>
	            		<File>
                			<Name>Shiroko_Quick_Commands_Sos_2.wem</Name> 
            			</File>
            	    </FilesList>
    	        </Path>
    	        <Path> 
	    			<StateList> 
	        	        <State> 
    			    	    <Name>VO_Quick_Commands</Name>
	                		<Value>CMD_QUICK_TACTIC_ALLY_BASE</Value>
	    				</State> 
        	    	</StateList> 
	            	<FilesList> 
	                    <File> 
    			    	    <Name>Shiroko_Quick_Commands_Ally_Base_1.wem</Name>
	        		    </File>
	        	    	<File>
	    				    <Name>Shiroko_Quick_Commands_Ally_Base_2.wem</Name> 
	                	</File> 
	        		</FilesList> 
			    </Path>
    	    	<Path>
	    			<StateList>
            		    <State> 
            			    <Name>VO_Quick_Commands</Name> 
        			        <Value>CMD_QUICK_TACTIC_ALLY_BUILDING</Value> 
    	        	    </State>
        	        </StateList> 
	    			<FilesList> 
	        	        <File>
    			    	    <Name>Shiroko_Quick_Commands_Ally_Building_1.wem</Name> 
	                	</File> 
		    		</FilesList> 
		        </Path>
	    		<Path> 
            		<StateList> 
                        <State>
			    	    	<Name>VO_Quick_Commands</Name> 
        		    	    <Value>CMD_QUICK_TACTIC_ALLY_PLANE</Value>
    	    		    </State>
				    </StateList>
	                <FilesList>
		        		<File> 
			        	    <Name>Shiroko_Quick_Commands_Ally_Planes_1.wem</Name> 
		    			</File>
            		</FilesList> 
                </Path> 
			    <Path> 
        			<StateList>
            	        <State>
	            	        <Name>VO_Quick_Commands</Name>
	    				    <Value>CMD_QUICK_TACTIC_ALLY_POINT</Value> 
    	            	</State>
		    	    </StateList> 
	                <FilesList>
			    		<File> 
		        	    	<Name>Shiroko_Quick_Commands_TACTIC_ALLY_POINT.wem</Name> 
	            		</File> 
                    </FilesList> 
    			</Path>
    	    	<Path>
        		    <StateList>
	        	    	<State> 
	    				    <Name>VO_Quick_Commands</Name>
	                		<Value>CMD_QUICK_TACTIC_ALLY_SHIP</Value>
        				</State>
	        	    </StateList>
		    		<FilesList> 
	            		<File> 
                			<Name>Shiroko_Quick_Commands_Ally_Ship_1.wem</Name>
            			</File> 
            	        <File>
	            	        <Name>Shiroko_Quick_Commands_Ally_Ship_2.wem</Name>
	    				</File> 
        	        </FilesList> 
    			</Path> 
    	    	<Path>
                	<StateList>
		    			<State> 
	        	    		<Name>VO_Quick_Commands</Name> 
            		        <Value>CMD_QUICK_TACTIC_ENEMY_BASE</Value> 
                		</State> 
	    	    	</StateList> 
        		    <FilesList> 
	        	    	<File>
	    				    <Name>Shiroko_Quick_Commands_Enemy_Base_1.wem</Name>
	                	</File>
	        			<File> 
		        	    	<Name>Shiroko_Quick_Commands_Enemy_Base_2.wem</Name>
	    			    </File> 
        		    </FilesList>
            	</Path> 
		        <Path> 
    			    <StateList>
        	        	<State>
            	        	<Name>VO_Quick_Commands</Name> 
    				        <Value>CMD_QUICK_TACTIC_ENEMY_BUILDING</Value>
	            		</State> 
	    	    	</StateList> 
                	<FilesList>
		    			<File> 
	        	    		<Name>Shiroko_Quick_Commands_Enemy_Building_1.wem</Name>
            		    </File>
                    </FilesList> 
			    </Path>
	    	    <Path>
    		    	<StateList>
        	    		<State>
    				    	<Name>VO_Quick_Commands</Name> 
                		    <Value>CMD_QUICK_TACTIC_ENEMY_PLANE</Value>
    					</State> 
        	    	</StateList> 
	    			<FilesList> 
            		    <File> 
            			    <Name>Shiroko_Quick_Commands_Enemy_Planes_1.wem</Name>
        			    </File>
        	        </FilesList> 
	            </Path> 
	        	<Path>
    				<StateList>
        	            <State>
			    	    	<Name>VO_Quick_Commands</Name>
                			<Value>CMD_QUICK_TACTIC_ENEMY_POINT</Value>
    				    </State> 
    	    		</StateList> 
            		<FilesList>
                        <File> 
			    	    	<Name>Shiroko_Quick_Commands_Ally_Point_1.wem</Name>
        		    	</File>
<File> 
			    	    	<Name>Shiroko_Quick_Commands_Ally_Point_2.wem</Name>
        		    	</File>

        	    	</FilesList> 
	    		</Path>
		    	<Path>
                	<StateList>
	        			<State> 
		        	    	<Name>VO_Quick_Commands</Name> 
	    			        <Value>CMD_QUICK_TACTIC_ENEMY_SHIP</Value> 
    		            </State>
    			    </StateList>
        			<FilesList> 
            	        <File> 
	            	        <Name>Shiroko_Quick_Commands_Enemy_Ship_1.wem</Name> 
	    				</File> 
        	            <File>
			    	    	<Name>Shiroko_Quick_Commands_Enemy_Ship_2.wem</Name>
                		</File>
	    			</FilesList> 
	        	</Path> 
    		    <Path> 
        		    <StateList>
                    	<State>
		    	    	    <Name>VO_Quick_Commands</Name>
    		    	        <Value>CMD_QUICK_THANK_YOU</Value> 
	    		    	</State> 
			    	</StateList> 
                	<FilesList>
	        			<File> 
		        	    	<Name>Shiroko_Quick_Commands_Thank_You_2.wem</Name> 
	    			    </File>
<File> 
		        	    	<Name>Shiroko_Quick_Commands_Thank_You_1.wem</Name> 
	    			    </File>

        		    </FilesList> 
            	</Path> 
		        <Path> 
    			    <StateList>
        	        	<State> 
            	        	<Name>VO_Quick_Commands</Name> 
    				        <Value>CMD_QUICK_THANK_YOU_ALLY_SHIP</Value>
	            		</State> 
	    	    	</StateList>
                	<FilesList>
		    			<File>
	        	    		<Name>Shiroko_Quick_Commands_THANK_YOU_ALLY_SHIP.wem</Name>
            		    </File> 
                    </FilesList> 
			    </Path>
	    	</Container> 
        </ExternalEvent> 
		<ExternalEvent> 
    	    <Name>Play_VO_Quick_Commands_Receive</Name>
    	    <Container>
		    	<Name>Voice</Name>
			    <ExternalId>VVO_Quick_Commands_Receive</ExternalId> 
	            <Path>
    		        <StateList> 
					    <State>
    	    		    	<Name>VO_Quick_Commands</Name> 
		            		<Value>CMD_QUICK_AYE_AYE</Value> 
                		</State> 
	            	</StateList> 
		            <FilesList>
	        	        <File>
    	        	    	<Name>Shiroko_Quick_Commands_Aye_Aye_1.wem</Name>
			        	</File> 
            			<File>
    	    	            <Name>Shiroko_Quick_Commands_Aye_Aye_2.wem</Name>
    			    	</File>
			        </FilesList>
	    		</Path> 
            	<Path> 
	                <StateList>
        			    <State> 
	    	        		<Name>VO_Quick_Commands</Name>
    	        	    	<Value>CMD_QUICK_BACK</Value>
	    				</State> 
    	            </StateList> 
    		        <FilesList> 
					    <File>
    	    		    	<Name>Shiroko_Quick_Commands_Back_1.wem</Name>
		            	</File> 
	                	<File> 
		            		<Name>Shirokoh_Quick_Commands_Back_2.wem</Name> 
	            	    </File> 
    	            </FilesList> 
	        	</Path> 
    			<Path>
	        	    <StateList>
        			    <State>
	    	                <Name>VO_Quick_Commands</Name> 
			    			<Value>CMD_QUICK_BACK_ALLY_SHIP</Value>
	        	    	</State> 
	            	</StateList>
	                <FilesList> 
        			    <File> 
	    	        		<Name>Shiroko_Quick_Commands_Back_Ship_1.wem</Name>
    	        	    </File>
		    		</FilesList> 
		    	</Path>
                <Path> 
		        	<StateList> 
				        <State>
	    		    		<Name>VO_Quick_Commands</Name> 
	            		    <Value>CMD_QUICK_CARAMBA</Value>
            			</State>
            		</StateList> 
	            	<FilesList>
        	            <File>
	        	    		<Name>Shiroko_Quick_Commands_Caramba_1.wem</Name>
		        	    </File>
        			    <File> 
	    	                <Name>Shiroko_Quick_Commands_Caramba_2.wem</Name>
			    		</File> 
		        	</FilesList> 
    		    </Path> 
        		<Path> 
                    <StateList>
    			    	<State>
    	        		    <Name>VO_Quick_Commands</Name> 
	        	    		<Value>CMD_QUICK_GOOD_GAME</Value> 
    				    </State>
	                </StateList>
		        	<FilesList>
				        <File>
	    		    		<Name>Shiroko_Quick_Commands_Good_Game_2.wem</Name>
	            		</File> 
                	</FilesList> 
		        </Path>
    			<Path> 
            	    <StateList>
    	            	<State>
        	    			<Name>VO_Quick_Commands</Name> 
	        	            <Value>CMD_QUICK_GOOD_GAME_ALLY_SHIP</Value>
			    	    </State>
	                </StateList>
			    	<FilesList> 
			        	<File> 
    		            	<Name>Shiroko_Quick_Commands_GOOD_GAME_ALLY_SHIP.wem</Name> 
	                    </File>
    			    </FilesList>
	    	    </Path> 
    		    <Path> 
	        	    <StateList> 
		    			<State> 
	    	                <Name>VO_Quick_Commands</Name>
		        			<Value>CMD_QUICK_GOOD_LUCK</Value>
		        	    </State>
		    		</StateList> 
	            	<FilesList> 
	                	<File> 
		            		<Name>Shiroko_Quick_Commands_Good_Luck_1.wem</Name>
	            	    </File>
    	            	<File>
        	    			<Name>Shiroko_Quick_Commands_Good_Luck_2.wem</Name> 
	        	        </File> 
    			    </FilesList> 
	    	    </Path>
            	<Path> 
		    		<StateList> 
		        	    <State>
		            		<Name>VO_Quick_Commands</Name> 
                        	<Value>CMD_QUICK_NEED_AIR_DEFENCE</Value> 
		    	    	</State> 
        		    </StateList>
	        	    <FilesList> 
		    			<File> 
	    	                <Name>Shirokoh_Quick_Commands_Need_AA_1.wem</Name>
		        		</File> 
			        </FilesList>
	    		</Path>
    			<Path>
            		<StateList>
                		<State> 
	            			<Name>VO_Quick_Commands</Name> 
            	        	<Value>CMD_QUICK_NEED_SMOKE</Value>
            	        </State> 
	    			</StateList> 
	        	    <FilesList> 
        			    <File>
	    	                <Name>Shiroko_Quick_Commands_Need_Smoke_1.wem</Name>
			    		</File>
		        	</FilesList> 
    		    </Path>
        		<Path> 
                    <StateList>
    			    	<State> 
    	        		    <Name>VO_Quick_Commands</Name> 
	        	    		<Value>CMD_QUICK_NEED_SUPPORT</Value> 
    				    </State> 
	                </StateList>
		        	<FilesList>
				        <File>
	    		    		<Name>Shiroko_Quick_Commands_Need_Support_1.wem</Name> 
	            		</File>
                		<File>
	            			<Name>Shiroko_Quick_Commands_Need_Support_2.wem</Name>
            	        </File>
	            	</FilesList> 
        	    </Path> 
				<Path>
        	        <StateList> 
    			    	<State>
    	                	<Name>VO_Quick_Commands</Name>
		    				<Value>CMD_QUICK_NEED_SUPPORT_ALLY_PLANE</Value> 
        	    		</State> 
            		</StateList> 
                    <FilesList>
    			    	<File>
    	        		    <Name>Shiroko_Quick_Commands_Need_Support_Plane_1.wem</Name> 
	        	    	</File> 
	    			</FilesList> 
	    	    </Path> 
            	<Path> 
	        		<StateList> 
			        	<State>
    		    			<Name>VO_Quick_Commands</Name>
            		        <Value>CMD_QUICK_NEED_SUPPORT_ALLY_SHIP</Value>
        			    </State> 
        			</StateList>
            	    <FilesList> 
    	            	<File>
        	    			<Name>Shiroko_Quick_Commands_Need_Support_Ship_1.wem</Name> 
	        	        </File> 
    			    </FilesList>
	    	    </Path>
            	<Path> 
		    		<StateList>
		        	    <State> 
		            		<Name>VO_Quick_Commands</Name> 
                        	<Value>CMD_QUICK_NEED_VISION</Value>
		    	    	</State> 
        		    </StateList>
	        	    <FilesList>
		    			<File> 
	    	                <Name>Shiroko_Quick_Commands_Need_Scouting_1.wem</Name>
		        		</File>
			        </FilesList>
	    		</Path>
    			<Path> 
            		<StateList>
                		<State> 
	            			<Name>VO_Quick_Commands</Name> 
            	        	<Value>CMD_QUICK_NO_WAY</Value> 
            	        </State> 
	    			</StateList>
	        	    <FilesList>
        			    <File> 
	    	                <Name>Shiroko_Quick_Commands_No_Way_1.wem</Name> 
			    		</File>
		        	    <File>
		            		<Name>Shiroko_Quick_Commands_No_Way_2.wem</Name>
                        </File>
			    	</FilesList>
    	        </Path> 
		    	<Path> 
        	    	<StateList>
	    				<State> 
    	                	<Name>VO_Quick_Commands</Name>
	        				<Value>CMD_QUICK_SOS</Value>
	        	    	</State> 
	    			</StateList>
            		<FilesList>
                		<File>
	            			<Name>TISHINA.wem</Name> 
            	        </File> 
	       			    	</FilesList> 
    	        </Path> 
        		<Path> 
	    			<StateList> 
	        	    	<State>
	            		    <Name>VO_Quick_Commands</Name>
                    		<Value>CMD_QUICK_TACTIC_ALLY_BASE</Value>
	    	    	    </State> 
    		    	</StateList> 
        	    	<FilesList> 
	    				<File>
    	                	<Name>Shiroko_Quick_Commands_Ally_Base_1.wem</Name>
	        			</File>
		        	    <File> 
		    			    <Name>Shiroko_Quick_Commands_Ally_Base_2.wem</Name> 
        		        </File> 
        			</FilesList>
            	</Path> 
		        <Path> 
    	        	<StateList>
            	        <State> 
	    				    <Name>VO_Quick_Commands</Name> 
    	            		<Value>CMD_QUICK_TACTIC_ALLY_BUILDING</Value> 
	    	    	    </State>
            		</StateList> 
	    			<FilesList> 
	        	    	<File>
	            		    <Name>Shiroko_Quick_Commands_Ally_Building_1.wem</Name> 
                    	</File>
		    	    </FilesList>
	        	</Path>
	    	    <Path>
    	    		<StateList> 
    				    <State> 
	                		<Name>VO_Quick_Commands</Name>
        					<Value>CMD_QUICK_TACTIC_ALLY_PLANE</Value> 
        	    		</State> 
    			    </StateList> 
        		    <FilesList>
            			<File>
            			    <Name>Shiroko_Quick_Commands_Ally_Planes_1.wem</Name>
        	        	</File> 
            	    </FilesList>
    	    	</Path> 
			    <Path>
    	            <StateList> 
			    	    <State> 
	                		<Name>VO_Quick_Commands</Name> 
	    				    <Value>CMD_QUICK_TACTIC_ALLY_POINT</Value> 
    	    		    </State>
        		    </StateList>
                    <FilesList>
			    	    <File> 
	        		    	<Name>Shiroko_Quick_Commands_TACTIC_ALLY_POINT.wem</Name>
        	    		</File>
    				</FilesList>
    	        </Path>
        		<Path> 
        			<StateList> 
		        	    <State>
		    			    <Name>VO_Quick_Commands</Name> 
        		            <Value>CMD_QUICK_TACTIC_ALLY_SHIP</Value>
    			        </State>
    			    </StateList> 
        	        <FilesList> 
	            	    <File> 
    	    				<Name>Shiroko_Quick_Commands_Ally_Ship_1.wem</Name>
        	            </File>
			    	    <File> 
	                		<Name>Shiroko_Quick_Commands_Ally_Ship_2.wem</Name> 
	    				</File> 
        	    	</FilesList> 
	            </Path> 
		        <Path> 
                	<StateList>
		    	    	<State>
        		    	    <Name>VO_Quick_Commands</Name>
    	    		    	<Value>CMD_QUICK_TACTIC_ENEMY_BASE</Value> 
			    	    </State>
            		</StateList> 
        			<FilesList>
		        	    <File> 
		    			    <Name>Shiroko_Quick_Commands_Enemy_Base_1.wem</Name> 
        		        </File>
        			    <File>
        			        <Name>Shiroko_Quick_Commands_Enemy_Base_2.wem</Name> 
    	        	    </File>
        	        </FilesList> 
	    		</Path> 
		        <Path>
	            	<StateList> 
		    	    	<State>
                			<Name>VO_Quick_Commands</Name>
    				        <Value>CMD_QUICK_TACTIC_ENEMY_BUILDING</Value> 
	    		        </State>
    		        </StateList>
                	<FilesList>
		    	    	<File>
        		    	    <Name>Shiroko_Quick_Commands_Enemy_Building_1.wem</Name> 
    	    		    </File>
				    </FilesList> 
	            </Path> 
    		    <Path> 
    				<StateList> 
	        	    	<State>
	    			        <Name>VO_Quick_Commands</Name>
    		                <Value>CMD_QUICK_TACTIC_ENEMY_PLANE</Value> 
			            </State> 
			        </StateList>
    	        	<FilesList>
            	        <File>
	    				    <Name>Shiroko_Quick_Commands_Enemy_Planes_1.wem</Name>
    	            	</File>
		    	    </FilesList> 
	            </Path> 
    			<Path>
    				<StateList> 
        	    		<State>
            		        <Name>VO_Quick_Commands</Name>
                			<Value>CMD_QUICK_TACTIC_ENEMY_POINT</Value> 
    	    	        </State>
		    	    </StateList>
    	    		<FilesList>
    				    <File> 
	                		<Name>Shiroko_Quick_Commands_Move_Point_2.wem</Name> 
        				</File> 
	        	    </FilesList>
		    	</Path>
		        <Path> 
    		        <StateList> 
        			    <State> 
        			        <Name>VO_Quick_Commands</Name> 
    	        	        <Value>CMD_QUICK_TACTIC_ENEMY_SHIP</Value>
    	        	    </State>
				    </StateList>
    	            <FilesList> 
			    	    <File> 
	                		<Name>Shiroko_Quick_Commands_Enemy_Ship_1.wem</Name> 
	    				</File>
        	    		<File>
            		        <Name>Shirokoh_Quick_Commands_Enemy_Ship_2.wem</Name>
                		</File> 
	    	    	</FilesList> 
        		</Path> 
    	        <Path>
	    		    <StateList> 
				    	<State> 
                		    <Name>VO_Quick_Commands</Name>
    					    <Value>CMD_QUICK_THANK_YOU</Value> 
    	    		    </State> 
			        </StateList> 
    		        <FilesList>
        			    <File> 
        			        <Name>Shiroko_Quick_Commands_Thank_You_2.wem</Name> 
    	        	    </File>
        	        </FilesList> 
	    		</Path>
		        <Path>
	            	<StateList>
		    	    	<State>
                			<Name>VO_Quick_Commands</Name> 
    				        <Value>CMD_QUICK_THANK_YOU_ALLY_SHIP</Value> 
	    		        </State>
    		        </StateList> 
                	<FilesList> 
		    	    	<File> 
        		    	    <Name>Shiroko_Quick_Commands_THANK_YOU_ALLY_SHIP.wem</Name>
    	    		    </File>
				    </FilesList>
	            </Path> 
    		</Container>
        </ExternalEvent> 
		<ExternalEvent>
			<Name>Play_VO_Result_Stinger</Name> 
        	<Container> 
    		    <Name>Voice</Name> 
			    <ExternalId>VVO_Result_Stinger</ExternalId> 
        		<Path>
                	<StateList>
		            	<State>
		            	    <Name>Battle_Status_Result</Name> 
    	            	    <Value>Battle_Status_Result_Draw</Value>
    	    			</State>
	        	    </StateList>
        			<FilesList>
    	    	        <File> 
        			    	<Name>TISHINA.wem</Name> 
			        	</File>
    		        </FilesList> 
    		    </Path>
                <Path>
    			    <StateList> 
	    	        	<State> 
	    	        	    <Name>Battle_Status_Result</Name> 
		    				<Value>Battle_Status_Result_Lose</Value>
    	                </State>
		        	</StateList> 
				    <FilesList> 
    	    		    <File> 
			            	<Name>Shiroko_Defeat.wem</Name> 
	                	</File> 
		            </FilesList> 
			    </Path>
        	    <Path>
    	            <StateList>
	        	    	<State> 
			        	    <Name>Battle_Status_Result</Name>
        			    	<Value>Battle_Status_Result_Win</Value> 
    	                </State>
			    	</StateList> 
			        <FilesList> 
	    		        <File>
    		                <Name>Shiroko_Victory.wem</Name>
        			    </File> 
	    	        </FilesList>
		    	</Path> 
        	</Container> 
    	</ExternalEvent>
	    <ExternalEvent> 
			<Name>Play_VO_Ship_Alarms_Torpedo_Danger</Name>
	    	<Container>
                <Name>Voice</Name> 
		        <ExternalId>VVO_Ship_Alarms_Torpedo_Danger</ExternalId>
				<Path>
	        	    <StateList>
		    			<State>
            		        <Name>VO_Torpedo_Location</Name> 
        			        <Value>Torpedo_Ahead</Value>
    			        </State> 
    	        	</StateList> 
            	    <FilesList> 
    	    			<File> 
	        	            <Name>Shiroko_Alarms_Torpedo_Ahead_1.wem</Name>
			    	    </File>
	                	<File> 
		    				<Name>Shiroko_Alarms_Torpedo_Ahead_2.wem</Name> 
        	    		</File>
            		</FilesList>
                </Path>
        		<Path>
	    	    	<StateList>
        		    	<State> 
        	    		    <Name>VO_Torpedo_Location</Name> 
				    	    <Value>Torpedo_Back</Value>
            		    </State> 
    				</StateList>
	        	    <FilesList>
		    			<File> 
            		        <Name>Shiroko_Alarms_Torpedo_Back_1.wem</Name>
        			    </File>
        			    <File>
        	        	    <Name>Shiroko_Alarms_Torpedo_Back_2.wem</Name> 
        	        	</File> 
    				</FilesList> 
        	    </Path>
        		<Path>
	    	    	<StateList> 
                		<State> 
	    				    <Name>VO_Torpedo_Location</Name> 
    	    		        <Value>Torpedo_Left</Value> 
    		            </State>
            		</StateList>
	    	    	<FilesList>
        		    	<File> 
        	    		    <Name>Shiroko_Alarms_Torpedo_Left_1.wem</Name> 
				    	</File> 
                		<File>
        					<Name>Shiroko_Alarms_Torpedo_Left_2.wem</Name>
        	    		</File>
    			    </FilesList> 
        		</Path> 
                <Path> 
			        <StateList>
    			        <State> 
    	        	        <Name>VO_Torpedo_Location</Name> 
    	        	    	<Value>Torpedo_Right</Value>
			        	</State> 
            		</StateList> 
	    	    	<FilesList> 
                		<File>
	    				    <Name>Shiroko_Alarms_Torpedo_Right_1.wem</Name> 
    	    		    </File> 
        		        <File>
                			<Name>Shiroko_Alarms_Torpedo_Right_2.wem</Name> 
    	    	        </File>
		    	    </FilesList>
    	    	</Path>
	    	</Container>
		</ExternalEvent> 
	    <ExternalEvent> 
	        <Name>Play_VO_Ship_Avatar_Damage</Name>
        	<Container> 
	        	<Name>Voice</Name> 
				<ExternalId>VVO_Ship_Avatar_Damage</ExternalId> 
        	    <Path>
		    		<StateList>
	            		<State>
                			<Name>VO_Damage</Name> 
            			    <Value>VO_Damage_Critical_Flooding</Value>
        	        	</State> 
            	    </StateList>
    	    		<FilesList> 
		        	    <File> 
        			    	<Name>Shiroko_Alarms_Critical_Flooding_1.wem</Name> 
    	                </File> 
			    		<File>
		        	    	<Name>Shiroko_Alarms_Critical_Flooding_2.wem</Name>
	            		</File>
                    </FilesList> 
    			</Path>
    	    </Container>
	    </ExternalEvent>
    	<ExternalEvent>
	    	<Name>Play_VO_Ship_Avatar_Flooding</Name> 
        	<Container> 
    		    <Name>Voice</Name>
				<ExternalId>VVO_Ship_Avatar_Flooding</ExternalId> 
    	        <Path>
        		    <StateList>
    					<State> 
        	    		    <Name>VO_Damage</Name> 
			            	<Value>VO_Damage_Critical_Flooding</Value> 
	                	</State>
		            </StateList>
			        <FilesList> 
    	        	    <File> 
        	        	    <Name>Shiroko_Alarms_Critical_Flooding_1.wem</Name> 
				        </File> 
	            		<File> 
	    	    	        <Name>Shiroko_Alarms_Critical_Flooding_2.wem</Name> 
        			    </File>
				    </FilesList>
    	    	</Path>
	        </Container> 
    	</ExternalEvent>
	    <ExternalEvent> 
            <Name>Play_VO_Start_Battle</Name>
        	<Container> 
		    	<Name>Voice</Name> 
    	        <ExternalId>VVO_Start_Battle</ExternalId>
		    	<Path>
        	    	<StateList/> 
	    			<FilesList>
	    	            <File> 
    		        		<Name>Shiroko_Lets_Battle_1.wem</Name> 
			        	</File>
    		    		<File> 
	            		    <Name>Shiroko_Lets_Battle_2.wem</Name>
            			</File>
     	    			</FilesList>
	        	</Path>
            </Container> 
		</ExternalEvent>
	    <ExternalEvent> 
	    	<Name>Play_VO_Teamkill_Punishment</Name> 
            <Container> 
    			<Name>Voice</Name> 
    			<ExternalId>VVO_Teamkill_Punishment</ExternalId>
	        	<Path>
    		        <StateList/> 
    		        <FilesList> 
                		<File>
	    	    	        <Name>Shiroko_Friendly_Fire_Punishment.wem</Name>
		    	        </File>
	    		    </FilesList>
				</Path>
    	    </Container> 
        </ExternalEvent> 
    	<ExternalEvent>
	        <Name>Play_VO_Telegraph</Name> 
			<Container>
		        <Name>Voice</Name>
	    		<ExternalId>VVO_Telegraph</ExternalId> 
    			<Path>
            		<StateList/>
                	<FilesList>
		            	<File> 
		            	    <Name>TISHINA.wem</Name> 
    	            	</File> 
        	    	</FilesList>
			    </Path>
    	    </Container> 
        </ExternalEvent> 
		<ExternalEvent> 
	    	<Name>Play_VO_Timer_5</Name> 
    	    <Container>
            	<Name>Voice</Name>
		    	<ExternalId>VVO_Timer_5</ExternalId>
			    <Path> 
    	    		<StateList/> 
            		<FilesList> 
                        <File>
			    	    	<Name>Shiroko_IDS_TIMER_5.wem</Name>
        		    	</File>
        	    	</FilesList> 
	    		</Path> 
		    </Container> 
	    </ExternalEvent>
        <ExternalEvent> 
    		<Name>Play_VO_Ship_Weapon_AirSupport_Shot</Name> 
        	<Container>
				<Name>Voice</Name> 
        	    <ExternalId>VVO_Ship_Weapon_AirSupport_Shot</ExternalId> 
		    	<Path> 
		            <StateList/>
		            <FilesList> 
    			        <File> 
    			            <Name>TISHIMA.wem</Name>
	        	        </File> 
    	        	</FilesList>
    			</Path>
	        </Container>
	    </ExternalEvent>
        <ExternalEvent> 
			<Name>Play_VO_Ship_Weapon_DC_Roll_Shot</Name> 
    	    <Container>
	            <Name>Voice</Name> 
    			<ExternalId>VVO_Ship_Weapon_DC_Roll_Shot</ExternalId> 
    			<Path> 
	        	    <StateList/>
		            <FilesList>
		                <File>
        			    	<Name>TISHIMA.wem</Name> 
    	        		</File>
    	        	</FilesList> 
    		    </Path>
			</Container> 
	    </ExternalEvent> 
	    <ExternalEvent> 
            <Name>Play_VO_Ship_Weapon_DC_Shoot_Shot</Name> 
		    <Container>
    			<Name>Voice</Name>
		        <ExternalId>VVO_Ship_Weapon_DC_Shoot_Shot</ExternalId>
	    		<Path> 
    			    <StateList/>
        		    <FilesList>
            			<File>
            			    <Name>TISHIMA.wem</Name>
        	        	</File> 
            	    </FilesList> 
    	    	</Path>
			</Container> 
        </ExternalEvent>
	    <ExternalEvent>
        	<Name>Play_VO_Ship_Weapon_DC_Slide_Shot</Name> 
		    <Container> 
	    	    <Name>Voice</Name> 
            	<ExternalId>VVO_Ship_Weapon_DC_Slide_Shot</ExternalId>
		    	<Path>
			        <StateList/> 
	    		    <FilesList> 
        		        <File> 
                			<Name>TISHIMA.wem</Name> 
    	    	        </File> 
		    	    </FilesList> 
    	    	</Path>
	    	</Container>
		</ExternalEvent>
	    <ExternalEvent> 
	        <Name>Play_VO_Submarine_Dive_Limit</Name>
        	<Container> 
	        	<Name>Voice</Name>
				<ExternalId>VVO_Submarine_Dive_Limit</ExternalId> 
        	    <Path> 
		    		<StateList/>
	            	<FilesList>
	                	<File> 
		            		<Name>TISHIMA.wem</Name>
	            	    </File> 
    	            </FilesList> 
	        	</Path>
    		</Container> 
		</ExternalEvent>
        <ExternalEvent>
	        <Name>Play_VO_Reload_Air_Support</Name> 
    		<Container>
	    	    <Name>Voice</Name>
	            <ExternalId>VVO_Reload_Air_Support</ExternalId>
    			<Path>
    				<StateList/> 
        	    	<FilesList>
	            		<File> 
                        	<Name>TISHIMA.wem</Name> 
		    	    	</File> 
        		    </FilesList> 
	        	</Path>
    		</Container>
    	</ExternalEvent> 
		<ExternalEvent> 
	    	<Name>Play_VO_Submarine_Alarm_Energy_Danger</Name>
            <Container>
    		    <Name>Voice</Name>
    			<ExternalId>VVO_Submarine_Alarm_Energy_Danger</ExternalId>
		        <Path>
	    		    <StateList/> 
			        <FilesList> 
    		            <File>
    			            <Name>TISHIMA.wem</Name> 
			            </File>
	        	    </FilesList>
        	    </Path> 
    	    </Container>
		</ExternalEvent>
		<ExternalEvent>
        	<Name>Play_VO_Submarine_Detected</Name> 
            <Container> 
			    <Name>Voice</Name> 
	    	    <ExternalId>VVO_Submarine_Detected</ExternalId>
            	<Path>
		    		<StateList/> 
		        	<FilesList> 
    		            <File> 
		                    <Name>TISHIMA.wem</Name> 
    			    	</File>
    	        	</FilesList>
	    	    </Path>
    	    </Container> 
		</ExternalEvent> 
    	<ExternalEvent> 
			<Name>Play_VO_Submarine_Energy_Full</Name>
    	    <Container>
            	<Name>Voice</Name>
	        	<ExternalId>VVO_Submarine_Energy_Full</ExternalId> 
				<Path> 
        	    	<StateList/> 
	    			<FilesList>
            		    <File> 
            			    <Name>TISHIMA.wem</Name> 
        			    </File>
        	        </FilesList> 
	            </Path> 
	        </Container> 
	    </ExternalEvent>
		<ExternalEvent> 
		    <Name>Play_VO_Submarine_Energy_Over</Name> 
    	    <Container>
        		<Name>Voice</Name> 
	    	    <ExternalId>VVO_Submarine_Energy_Over</ExternalId>
	            <Path>
    			    <StateList/>
				    <FilesList>
    	    		    <File> 
        		            <Name>TISHIMA.wem</Name> 
            			</File>
    	    	    </FilesList> 
    		    </Path> 
	        </Container> 
	    </ExternalEvent>
	</AudioModification>
</AudioModification.xml>
<!-- [160206311321353525233500202087104712133] --> 
<!-- 500031733 in eu, Sat Mar 25 17:35:20 2023 -->
